RESET MASTER;
SET GLOBAL wsrep_on=OFF;
RESET MASTER;
SET GLOBAL wsrep_on=ON;
SET GLOBAL wsrep_on=OFF;
RESET MASTER;
SET GLOBAL wsrep_on=ON;
START SLAVE USER='root';
Warnings:
Note	1759	Sending passwords in plain text without SSL/TLS is extremely insecure.
CREATE SCHEMA test1;
CREATE SCHEMA test2;
USE test1;
CREATE TABLE t1 (f1 INTEGER PRIMARY KEY,f2 CHAR(5) DEFAULT 'abc') ENGINE=InnoDB;
USE test2;
CREATE TABLE t1 (f1 INTEGER PRIMARY KEY,f2 CHAR(5) DEFAULT 'abc') ENGINE=InnoDB;
INSERT INTO test1.t1 (f1) VALUES (1);
INSERT INTO test2.t1 (f1) VALUES (1);
INSERT INTO test1.t1 (f1) VALUES (2);
INSERT INTO test2.t1 (f1) VALUES (2);
INSERT INTO test1.t1 (f1) VALUES (3);
INSERT INTO test2.t1 (f1) VALUES (3);
UPDATE test2.t1 SET test2.t1.f2 = 'cde';
UPDATE test1.t1, test2.t1 SET test1.t1.f2 = 'klm', test2.t1.f2 = 'xyz';
DELETE test1.t1, test2.t1 FROM test1.t1 INNER JOIN test2.t1 WHERE test1.t1.f1 = test2.t1.f1 AND test1.t1.f1 = 3;
SET AUTOCOMMIT=OFF;
START TRANSACTION;
INSERT INTO test2.t1 (f1) VALUES (999);
INSERT INTO test2.t1 (f1) VALUES (9999);
COMMIT;
START TRANSACTION;
INSERT INTO test1.t1 (f1) VALUES (111);
INSERT INTO test1.t1 (f1) VALUES (222);
COMMIT;
START TRANSACTION;
INSERT INTO test1.t1 (f1) VALUES (333);
INSERT INTO test2.t1 (f1) VALUES (99999);
COMMIT;
SHOW BINLOG EVENTS IN 'mysqld-bin.000001' FROM 120;
Log_name	Pos	Event_type	Server_id	End_log_pos	Info
mysqld-bin.000001	120	Previous_gtids	2	151	
mysqld-bin.000001	151	Gtid	1	199	SET @@SESSION.GTID_NEXT= '<effective_uuid>:1'
mysqld-bin.000001	199	Query	1	294	CREATE SCHEMA test1
mysqld-bin.000001	294	Gtid	1	342	SET @@SESSION.GTID_NEXT= '<effective_uuid>:2'
mysqld-bin.000001	342	Query	1	415	BEGIN
mysqld-bin.000001	415	Query	1	489	COMMIT
mysqld-bin.000001	489	Gtid	1	537	SET @@SESSION.GTID_NEXT= '<effective_uuid>:3'
mysqld-bin.000001	537	Query	1	692	use `test1`; CREATE TABLE t1 (f1 INTEGER PRIMARY KEY,f2 CHAR(5) DEFAULT 'abc') ENGINE=InnoDB
mysqld-bin.000001	692	Gtid	1	740	SET @@SESSION.GTID_NEXT= '<effective_uuid>:4'
mysqld-bin.000001	740	Query	1	813	BEGIN
mysqld-bin.000001	813	Query	1	887	COMMIT
mysqld-bin.000001	887	Gtid	1	935	SET @@SESSION.GTID_NEXT= '<effective_uuid>:5'
mysqld-bin.000001	935	Query	1	998	BEGIN
mysqld-bin.000001	998	Table_map	1	1047	table_id: ### (test1.t1)
mysqld-bin.000001	1047	Write_rows	1	1091	table_id: ### flags: STMT_END_F
mysqld-bin.000001	1091	Xid	1	1122	COMMIT /* xid=### */
mysqld-bin.000001	1122	Gtid	1	1170	SET @@SESSION.GTID_NEXT= '<effective_uuid>:6'
mysqld-bin.000001	1170	Query	1	1233	BEGIN
mysqld-bin.000001	1233	Query	1	1297	COMMIT
mysqld-bin.000001	1297	Gtid	1	1345	SET @@SESSION.GTID_NEXT= '<effective_uuid>:7'
mysqld-bin.000001	1345	Query	1	1408	BEGIN
mysqld-bin.000001	1408	Table_map	1	1457	table_id: ### (test1.t1)
mysqld-bin.000001	1457	Write_rows	1	1501	table_id: ### flags: STMT_END_F
mysqld-bin.000001	1501	Xid	1	1532	COMMIT /* xid=### */
mysqld-bin.000001	1532	Gtid	1	1580	SET @@SESSION.GTID_NEXT= '<effective_uuid>:8'
mysqld-bin.000001	1580	Query	1	1643	BEGIN
mysqld-bin.000001	1643	Query	1	1707	COMMIT
mysqld-bin.000001	1707	Gtid	1	1755	SET @@SESSION.GTID_NEXT= '<effective_uuid>:9'
mysqld-bin.000001	1755	Query	1	1818	BEGIN
mysqld-bin.000001	1818	Table_map	1	1867	table_id: ### (test1.t1)
mysqld-bin.000001	1867	Write_rows	1	1911	table_id: ### flags: STMT_END_F
mysqld-bin.000001	1911	Xid	1	1942	COMMIT /* xid=### */
mysqld-bin.000001	1942	Gtid	1	1990	SET @@SESSION.GTID_NEXT= '<effective_uuid>:10'
mysqld-bin.000001	1990	Query	1	2053	BEGIN
mysqld-bin.000001	2053	Query	1	2117	COMMIT
mysqld-bin.000001	2117	Gtid	1	2165	SET @@SESSION.GTID_NEXT= '<effective_uuid>:11'
mysqld-bin.000001	2165	Query	1	2228	BEGIN
mysqld-bin.000001	2228	Query	1	2292	COMMIT
mysqld-bin.000001	2292	Gtid	1	2340	SET @@SESSION.GTID_NEXT= '<effective_uuid>:12'
mysqld-bin.000001	2340	Query	1	2403	BEGIN
mysqld-bin.000001	2403	Table_map	1	2452	table_id: ### (test1.t1)
mysqld-bin.000001	2452	Update_rows	1	2542	table_id: ### flags: STMT_END_F
mysqld-bin.000001	2542	Xid	1	2573	COMMIT /* xid=### */
mysqld-bin.000001	2573	Gtid	1	2621	SET @@SESSION.GTID_NEXT= '<effective_uuid>:13'
mysqld-bin.000001	2621	Query	1	2684	BEGIN
mysqld-bin.000001	2684	Table_map	1	2733	table_id: ### (test1.t1)
mysqld-bin.000001	2733	Delete_rows	1	2777	table_id: ### flags: STMT_END_F
mysqld-bin.000001	2777	Xid	1	2808	COMMIT /* xid=### */
mysqld-bin.000001	2808	Gtid	1	2856	SET @@SESSION.GTID_NEXT= '<effective_uuid>:14'
mysqld-bin.000001	2856	Query	1	2919	BEGIN
mysqld-bin.000001	2919	Query	1	2983	COMMIT
mysqld-bin.000001	2983	Gtid	1	3031	SET @@SESSION.GTID_NEXT= '<effective_uuid>:15'
mysqld-bin.000001	3031	Query	1	3094	BEGIN
mysqld-bin.000001	3094	Table_map	1	3143	table_id: ### (test1.t1)
mysqld-bin.000001	3143	Write_rows	1	3187	table_id: ### flags: STMT_END_F
mysqld-bin.000001	3187	Table_map	1	3236	table_id: ### (test1.t1)
mysqld-bin.000001	3236	Write_rows	1	3280	table_id: ### flags: STMT_END_F
mysqld-bin.000001	3280	Xid	1	3311	COMMIT /* xid=### */
mysqld-bin.000001	3311	Gtid	1	3359	SET @@SESSION.GTID_NEXT= '<effective_uuid>:16'
mysqld-bin.000001	3359	Query	1	3422	BEGIN
mysqld-bin.000001	3422	Table_map	1	3471	table_id: ### (test1.t1)
mysqld-bin.000001	3471	Write_rows	1	3515	table_id: ### flags: STMT_END_F
mysqld-bin.000001	3515	Xid	1	3546	COMMIT /* xid=### */
gtid_executed_equal
1
SHOW BINLOG EVENTS IN 'mysqld-bin.000001' FROM 120;
Log_name	Pos	Event_type	Server_id	End_log_pos	Info
mysqld-bin.000001	120	Previous_gtids	3	151	
mysqld-bin.000001	151	Gtid	1	199	SET @@SESSION.GTID_NEXT= '<effective_uuid>:1'
mysqld-bin.000001	199	Query	1	294	CREATE SCHEMA test1
mysqld-bin.000001	294	Gtid	1	342	SET @@SESSION.GTID_NEXT= '<effective_uuid>:2'
mysqld-bin.000001	342	Query	1	415	BEGIN
mysqld-bin.000001	415	Query	1	489	COMMIT
mysqld-bin.000001	489	Gtid	1	537	SET @@SESSION.GTID_NEXT= '<effective_uuid>:3'
mysqld-bin.000001	537	Query	1	692	use `test1`; CREATE TABLE t1 (f1 INTEGER PRIMARY KEY,f2 CHAR(5) DEFAULT 'abc') ENGINE=InnoDB
mysqld-bin.000001	692	Gtid	1	740	SET @@SESSION.GTID_NEXT= '<effective_uuid>:4'
mysqld-bin.000001	740	Query	1	813	BEGIN
mysqld-bin.000001	813	Query	1	887	COMMIT
mysqld-bin.000001	887	Gtid	1	935	SET @@SESSION.GTID_NEXT= '<effective_uuid>:5'
mysqld-bin.000001	935	Query	1	998	BEGIN
mysqld-bin.000001	998	Table_map	1	1047	table_id: ### (test1.t1)
mysqld-bin.000001	1047	Write_rows	1	1091	table_id: ### flags: STMT_END_F
mysqld-bin.000001	1091	Xid	1	1122	COMMIT /* xid=### */
mysqld-bin.000001	1122	Gtid	1	1170	SET @@SESSION.GTID_NEXT= '<effective_uuid>:6'
mysqld-bin.000001	1170	Query	1	1233	BEGIN
mysqld-bin.000001	1233	Query	1	1297	COMMIT
mysqld-bin.000001	1297	Gtid	1	1345	SET @@SESSION.GTID_NEXT= '<effective_uuid>:7'
mysqld-bin.000001	1345	Query	1	1408	BEGIN
mysqld-bin.000001	1408	Table_map	1	1457	table_id: ### (test1.t1)
mysqld-bin.000001	1457	Write_rows	1	1501	table_id: ### flags: STMT_END_F
mysqld-bin.000001	1501	Xid	1	1532	COMMIT /* xid=### */
mysqld-bin.000001	1532	Gtid	1	1580	SET @@SESSION.GTID_NEXT= '<effective_uuid>:8'
mysqld-bin.000001	1580	Query	1	1643	BEGIN
mysqld-bin.000001	1643	Query	1	1707	COMMIT
mysqld-bin.000001	1707	Gtid	1	1755	SET @@SESSION.GTID_NEXT= '<effective_uuid>:9'
mysqld-bin.000001	1755	Query	1	1818	BEGIN
mysqld-bin.000001	1818	Table_map	1	1867	table_id: ### (test1.t1)
mysqld-bin.000001	1867	Write_rows	1	1911	table_id: ### flags: STMT_END_F
mysqld-bin.000001	1911	Xid	1	1942	COMMIT /* xid=### */
mysqld-bin.000001	1942	Gtid	1	1990	SET @@SESSION.GTID_NEXT= '<effective_uuid>:10'
mysqld-bin.000001	1990	Query	1	2053	BEGIN
mysqld-bin.000001	2053	Query	1	2117	COMMIT
mysqld-bin.000001	2117	Gtid	1	2165	SET @@SESSION.GTID_NEXT= '<effective_uuid>:11'
mysqld-bin.000001	2165	Query	1	2228	BEGIN
mysqld-bin.000001	2228	Query	1	2292	COMMIT
mysqld-bin.000001	2292	Gtid	1	2340	SET @@SESSION.GTID_NEXT= '<effective_uuid>:12'
mysqld-bin.000001	2340	Query	1	2403	BEGIN
mysqld-bin.000001	2403	Table_map	1	2452	table_id: ### (test1.t1)
mysqld-bin.000001	2452	Update_rows	1	2542	table_id: ### flags: STMT_END_F
mysqld-bin.000001	2542	Xid	1	2573	COMMIT /* xid=### */
mysqld-bin.000001	2573	Gtid	1	2621	SET @@SESSION.GTID_NEXT= '<effective_uuid>:13'
mysqld-bin.000001	2621	Query	1	2684	BEGIN
mysqld-bin.000001	2684	Table_map	1	2733	table_id: ### (test1.t1)
mysqld-bin.000001	2733	Delete_rows	1	2777	table_id: ### flags: STMT_END_F
mysqld-bin.000001	2777	Xid	1	2808	COMMIT /* xid=### */
mysqld-bin.000001	2808	Gtid	1	2856	SET @@SESSION.GTID_NEXT= '<effective_uuid>:14'
mysqld-bin.000001	2856	Query	1	2919	BEGIN
mysqld-bin.000001	2919	Query	1	2983	COMMIT
mysqld-bin.000001	2983	Gtid	1	3031	SET @@SESSION.GTID_NEXT= '<effective_uuid>:15'
mysqld-bin.000001	3031	Query	1	3094	BEGIN
mysqld-bin.000001	3094	Table_map	1	3143	table_id: ### (test1.t1)
mysqld-bin.000001	3143	Write_rows	1	3187	table_id: ### flags: STMT_END_F
mysqld-bin.000001	3187	Table_map	1	3236	table_id: ### (test1.t1)
mysqld-bin.000001	3236	Write_rows	1	3280	table_id: ### flags: STMT_END_F
mysqld-bin.000001	3280	Xid	1	3311	COMMIT /* xid=### */
mysqld-bin.000001	3311	Gtid	1	3359	SET @@SESSION.GTID_NEXT= '<effective_uuid>:16'
mysqld-bin.000001	3359	Query	1	3422	BEGIN
mysqld-bin.000001	3422	Table_map	1	3471	table_id: ### (test1.t1)
mysqld-bin.000001	3471	Write_rows	1	3515	table_id: ### flags: STMT_END_F
mysqld-bin.000001	3515	Xid	1	3546	COMMIT /* xid=### */
include/diff_servers.inc [servers=2 3]
SELECT COUNT(*) = 2 FROM test1.t1 WHERE f1 IN (1,2);
COUNT(*) = 2
1
SELECT COUNT(*) = 3 FROM test1.t1 WHERE f1 IN (111,222,333);
COUNT(*) = 3
1
SELECT COUNT(*) = 2 FROM test1.t1 WHERE f2 = 'klm';
COUNT(*) = 2
1
USE test2;
ERROR 42000: Unknown database 'test2'
DROP SCHEMA test1;
DROP SCHEMA test2;
STOP SLAVE;
RESET SLAVE ALL;
